Name,Gender,Math_Grade,English_Grade,Attendance_Rate
David Miller,Male,70.1,83.0,88.8
Julia Smith,Female,93.1,85.6,85.4
Frank Davis,Male,79.3,70.3,94.5
Grace Miller,Male,56.3,62.5,95.2
Ivan Brown,Male,51.5,74.6,80.8
Frank Garcia,Female,72.4,63.2,85.4
Bob Garcia,Male,45.2,90.1,82.5
Julia Jones,Male,92.5,71.4,86.7
Frank Smith,Male,82.7,66.3,89.6
Julia Williams,Female,58.0,71.8,82.8
Frank Miller,Male,39.3,56.5,85.4
Ivan Williams,Male,85.3,60.3,85.0
Eva Wilson,Male,63.3,82.0,91.0
Charlie Williams,Male,83.6,63.4,90.3
Charlie Williams,Female,41.1,59.5,86.4
Alice Wilson,Male,56.0,75.4,90.9
Eva Jones,Female,65.1,81.9,87.3
Hannah Johnson,Female,65.7,77.2,88.6
Hannah Martinez,Female,58.2,80.0,98.4
David Martinez,Male,74.3,62.4,96.7
Ivan Jones,Female,49.0,55.8,83.5
Julia Jones,Male,62.9,85.0,94.1
Ivan Davis,Female,66.8,66.8,94.1
Julia Jones,Female,72.7,67.5,84.3
Charlie Davis,Female,75.7,83.3,94.1
Eva Williams,Female,48.1,75.6,97.7
Eva Miller,Female,42.0,74.6,84.4
Charlie Williams,Female,84.2,91.7,85.4
Bob Martinez,Female,70.0,63.6,95.1
Hannah Miller,Female,53.8,79.3,91.4
David Wilson,Male,88.3,70.6,92.8
Bob Miller,Male,66.7,72.7,91.7
David Martinez,Female,82.7,85.3,92.0
Charlie Wilson,Female,66.0,75.1,83.4
Charlie Garcia,Female,95.9,75.4,95.2
Ivan Williams,Male,91.3,80.7,95.8
Bob Jones,Female,61.3,66.4,88.9
Alice Miller,Male,79.6,61.6,89.8
Bob Martinez,Male,74.7,59.6,82.3
Julia Williams,Male,85.5,50.3,92.6
Julia Davis,Male,50.5,90.6,92.9
Frank Brown,Male,75.3,59.0,89.7
Julia Brown,Female,80.9,67.8,95.6
Ivan Wilson,Female,38.6,67.2,88.3
Eva Smith,Female,47.3,73.1,92.8
David Garcia,Female,34.4,78.2,84.9
Alice Brown,Female,61.0,78.6,89.9
Bob Martinez,Male,75.8,64.2,89.1
Grace Brown,Female,87.5,68.3,91.1
Alice Johnson,Female,66.1,72.8,88.2
Frank Johnson,Male,89.4,67.5,89.3
Charlie Martinez,Female,44.3,86.1,94.1
Eva Martinez,Male,39.4,74.9,87.8
Grace Williams,Female,64.2,77.3,82.0
Julia Garcia,Male,70.8,76.6,98.7
Hannah Martinez,Female,64.5,81.7,96.9
Eva Smith,Female,34.0,71.8,83.5
Alice Brown,Male,63.7,57.0,93.4
Hannah Martinez,Male,45.4,74.0,87.5
Julia Wilson,Male,75.0,63.5,91.3
David Davis,Male,70.5,64.7,91.5
Eva Miller,Male,50.9,75.9,88.8
Alice Davis,Male,57.3,82.4,86.1
David Wilson,Male,49.1,70.2,86.5
Frank Johnson,Male,64.1,73.1,85.4
Charlie Garcia,Female,79.3,87.0,85.8
Julia Brown,Female,50.2,72.4,89.7
Eva Williams,Male,72.6,96.0,86.4
Frank Martinez,Female,57.0,75.7,93.4
Bob Miller,Female,53.1,52.4,97.4
David Brown,Female,63.4,77.5,87.1
Hannah Brown,Female,49.5,73.8,91.2
Julia Wilson,Male,56.7,82.9,92.5
Hannah Johnson,Female,47.0,76.7,92.4
Grace Miller,Male,94.5,68.6,90.4
Bob Wilson,Female,65.5,57.8,93.7
Charlie Williams,Female,54.5,67.9,92.4
Frank Jones,Female,68.2,61.5,83.8
Julia Martinez,Male,63.3,64.2,94.3
Bob Brown,Female,61.7,75.9,94.4
Hannah Miller,Male,74.2,86.7,86.2
Ivan Jones,Female,76.4,73.9,90.2
Frank Williams,Male,57.0,58.0,93.4
Ivan Brown,Female,56.4,74.4,89.0
Grace Garcia,Male,60.9,82.0,95.4
Hannah Brown,Male,30.5,63.9,100.0
Eva Jones,Female,42.3,68.7,86.1
Julia Garcia,Male,85.5,70.1,83.1
Frank Davis,Female,89.7,62.2,91.5
David Smith,Female,61.3,76.5,93.6
Hannah Davis,Female,73.6,68.8,88.8
Ivan Garcia,Female,69.7,74.2,97.3
David Brown,Female,100.0,61.1,83.3
Julia Brown,Female,81.8,65.6,93.5
Eva Brown,Female,63.1,77.2,87.0
Alice Miller,Female,50.7,66.3,98.6
Ivan Wilson,Female,40.9,87.3,100.0
David Smith,Female,68.1,66.0,86.2
Grace Miller,Female,53.7,72.2,87.3
Frank Johnson,Male,43.7,79.3,94.3
Bob Wilson,Male,55.3,55.8,88.1
Julia Williams,Female,48.8,52.4,89.8
Alice Brown,Female,90.3,54.7,90.1
Bob Miller,Female,78.2,82.6,80.4
David Jones,Female,64.9,64.5,89.9
Hannah Williams,Female,87.2,95.6,86.6
Julia Smith,Female,66.2,64.4,87.5
Ivan Martinez,Female,52.1,71.8,97.2
David Smith,Female,87.8,85.4,83.7
Ivan Brown,Male,73.1,90.1,94.1
Hannah Smith,Female,49.4,90.6,88.6
Charlie Smith,Male,62.1,82.1,88.6
Bob Williams,Female,51.9,80.2,94.0
Alice Davis,Female,44.3,75.9,91.7
Ivan Brown,Male,78.9,77.8,92.9
Eva Garcia,Female,93.6,64.5,94.8
Charlie Wilson,Male,44.0,61.8,88.3
Julia Brown,Female,73.4,70.0,86.9
Charlie Martinez,Female,55.2,68.3,84.6
Bob Williams,Male,57.7,65.5,85.9
Charlie Smith,Female,56.1,77.0,100.0
Hannah Brown,Male,52.0,79.6,96.2
Ivan Garcia,Female,65.7,70.9,83.2
Charlie Brown,Male,52.5,84.8,83.4
Eva Johnson,Male,69.1,58.6,92.4
David Davis,Female,64.2,68.1,92.7
Julia Davis,Female,61.4,62.8,92.7
Grace Martinez,Male,51.4,51.3,88.7
Alice Brown,Female,56.3,69.2,89.4
Julia Wilson,Female,76.3,68.8,91.6
Grace Jones,Female,72.5,85.1,90.4
Charlie Wilson,Male,50.3,76.3,78.9
Alice Garcia,Male,66.5,59.8,88.9
Ivan Davis,Male,76.3,88.5,85.7
Eva Wilson,Male,40.0,82.2,90.9
Alice Smith,Male,73.2,75.8,100.0
Hannah Williams,Male,55.1,67.7,91.8
David Miller,Male,73.6,60.4,88.4
Hannah Martinez,Male,53.6,66.3,94.6
Eva Davis,Male,37.9,80.9,92.4
David Jones,Female,40.6,88.8,92.1
Eva Wilson,Male,65.7,85.4,93.0
Hannah Smith,Female,68.9,65.1,100.0
Bob Jones,Female,51.4,58.8,84.3
Hannah Wilson,Female,74.6,71.4,92.4
Charlie Wilson,Male,40.1,52.3,85.4
Julia Martinez,Male,64.0,73.2,92.8
David Johnson,Male,46.8,68.5,85.4
Charlie Martinez,Male,55.2,65.3,87.9
Grace Garcia,Female,65.7,54.1,88.5
Frank Garcia,Male,52.1,75.1,94.9
Alice Davis,Male,59.2,64.7,94.6
Alice Miller,Male,80.1,58.3,83.8
David Jones,Male,56.3,41.3,90.3
David Wilson,Male,77.5,69.7,86.5
Julia Williams,Female,48.1,87.7,83.7
Bob Brown,Male,72.9,86.6,88.9
Alice Martinez,Female,86.6,65.4,88.5
Ivan Miller,Male,27.9,64.0,100.0
Eva Williams,Female,53.0,74.7,92.2
Alice Martinez,Male,73.7,60.0,83.1
Frank Wilson,Male,62.0,73.0,87.2
David Wilson,Female,70.6,77.7,95.1
David Miller,Female,55.9,82.3,100.0
Grace Johnson,Female,66.3,69.0,82.1
Grace Wilson,Male,62.7,68.0,80.6
Bob Davis,Female,82.5,61.2,99.4
Julia Davis,Male,68.8,61.7,91.9
Hannah Davis,Male,70.1,67.7,85.7
Ivan Jones,Female,58.8,73.7,92.7
Ivan Johnson,Female,57.7,79.1,76.8
Bob Johnson,Male,58.5,62.0,90.0
Bob Brown,Male,70.9,84.9,91.6
Eva Williams,Female,58.7,67.3,94.6
Hannah Martinez,Female,69.3,69.8,84.9
Alice Williams,Female,96.1,62.5,90.4
Grace Williams,Male,78.1,45.8,85.4
Julia Williams,Male,60.1,78.8,91.3
Ivan Smith,Male,83.0,77.4,85.5
Eva Davis,Male,58.9,67.2,88.0
Grace Jones,Male,34.4,70.7,85.0
Hannah Garcia,Male,49.9,75.2,93.3
Charlie Williams,Female,36.9,54.4,94.3
Bob Miller,Male,59.7,64.7,88.8
Eva Martinez,Male,65.3,77.9,90.2
Bob Miller,Male,90.1,57.5,82.8
Alice Martinez,Female,69.9,72.9,88.5
Alice Brown,Male,61.7,56.4,89.7
Eva Wilson,Male,77.4,74.7,100.0
Eva Miller,Female,31.8,69.6,84.4
David Smith,Male,68.5,53.8,97.3
David Martinez,Male,76.6,81.6,95.0
Grace Johnson,Male,42.8,62.7,91.4
Ivan Martinez,Male,82.2,61.9,98.8
Julia Brown,Male,70.1,72.0,91.9
Eva Brown,Female,58.8,81.5,91.9
Eva Brown,Female,74.5,59.8,89.7
Frank Wilson,Female,99.1,70.6,96.1
Frank Wilson,Male,67.7,74.3,95.5
Charlie Martinez,Male,68.7,76.9,86.9
Frank Martinez,Male,58.1,71.8,83.4
Julia Smith,Female,52.3,66.3,89.0
Frank Martinez,Male,77.5,61.7,86.0
Julia Davis,Male,52.2,70.9,89.7
Grace Johnson,Female,66.1,59.3,96.2
Grace Jones,Male,57.8,40.8,87.7
Hannah Wilson,Female,72.2,74.4,89.8
Julia Martinez,Female,70.0,79.0,90.3
Charlie Johnson,Female,80.6,46.4,94.2
Bob Johnson,Male,57.3,59.9,78.8
Eva Martinez,Male,61.0,76.2,87.0
Bob Smith,Male,50.3,90.6,91.1
Alice Williams,Male,58.3,70.2,96.0
Frank Davis,Male,70.7,62.7,87.5
Alice Smith,Male,76.4,68.2,80.6
Charlie Williams,Male,51.2,83.7,93.1
Julia Johnson,Female,78.0,63.5,86.8
Grace Martinez,Male,85.3,62.0,84.1
Eva Johnson,Female,71.2,65.2,86.9
Alice Davis,Male,93.2,60.5,89.1
Julia Garcia,Male,53.4,71.2,87.0
Frank Wilson,Male,46.3,86.2,79.0
Ivan Williams,Female,38.3,73.2,94.5
Alice Johnson,Female,87.4,67.5,96.4
Grace Johnson,Female,74.8,67.1,93.3
Julia Miller,Female,64.2,54.4,84.3
Alice Smith,Male,69.2,78.8,89.0
Frank Smith,Female,48.1,69.2,90.0
Eva Johnson,Male,100.0,68.2,93.0
Hannah Williams,Male,66.9,100.0,93.3
Charlie Jones,Female,66.6,73.0,86.3
Bob Smith,Female,75.9,62.5,90.4
Charlie Martinez,Female,72.2,65.7,92.3
Bob Johnson,Female,68.4,81.5,97.3
Frank Johnson,Female,53.1,71.1,93.5
Hannah Jones,Female,72.1,55.6,93.9
Julia Garcia,Female,93.2,79.2,90.4
Frank Brown,Female,85.2,63.3,97.1
Ivan Davis,Male,88.9,88.7,92.0
Hannah Miller,Female,57.3,80.8,85.7
Julia Jones,Female,50.2,65.5,97.0
Eva Brown,Male,63.1,82.8,93.5
Eva Garcia,Female,65.8,70.7,87.8
Hannah Garcia,Male,81.4,78.5,87.6
Eva Johnson,Male,39.6,74.8,91.5
Bob Brown,Female,87.9,61.5,92.3
Hannah Garcia,Male,62.6,63.6,91.0
David Brown,Male,58.6,80.3,91.6
Julia Wilson,Male,49.8,66.7,98.5
Alice Wilson,Male,40.2,66.0,95.4
David Davis,Female,77.3,60.4,91.0
Julia Davis,Male,66.1,74.2,94.7
Grace Davis,Female,45.7,90.6,84.8
Ivan Martinez,Male,45.6,59.3,92.0
Ivan Wilson,Male,60.0,70.2,99.0
Hannah Wilson,Male,90.0,84.1,88.9
Julia Miller,Male,61.1,69.2,85.8
Ivan Miller,Female,42.5,74.5,86.7
Alice Smith,Female,61.3,59.4,84.6
Grace Jones,Male,60.9,74.3,86.1
Eva Williams,Male,24.5,68.1,88.1
Alice Brown,Female,64.2,79.9,83.0
Ivan Davis,Male,61.5,81.9,90.1
Frank Martinez,Male,75.4,95.9,94.5
Ivan Garcia,Male,92.7,75.8,85.5
Eva Jones,Female,81.9,73.3,97.6
Grace Davis,Female,61.0,71.9,92.6
Bob Wilson,Female,48.4,66.5,95.2
Grace Smith,Male,100.0,73.4,86.7
Bob Jones,Male,65.9,67.0,94.3
Ivan Martinez,Female,65.2,71.7,84.5
Eva Miller,Female,64.6,83.2,94.5
Frank Garcia,Female,68.0,59.9,90.9
Hannah Williams,Female,62.8,81.4,92.8
Frank Miller,Male,56.4,83.2,84.1
Hannah Jones,Female,56.8,68.8,85.5
Frank Jones,Male,64.5,48.8,93.0
Alice Wilson,Female,56.8,63.9,85.3
David Wilson,Male,54.3,83.0,92.3
Ivan Brown,Female,66.6,69.8,83.2
Bob Miller,Female,61.2,60.0,94.2
Hannah Johnson,Female,87.6,65.0,83.8
David Wilson,Female,25.2,78.4,92.8
Frank Garcia,Male,81.4,75.5,93.1
Bob Davis,Female,83.7,67.6,86.5
Alice Miller,Male,33.9,66.3,92.9
Alice Williams,Male,59.9,66.1,91.3
Ivan Johnson,Male,59.4,60.8,87.3
Frank Garcia,Male,43.9,86.2,85.0
Julia Jones,Female,53.3,66.8,80.2
Hannah Garcia,Male,48.3,82.2,91.7
Alice Johnson,Male,91.3,85.2,82.2
David Johnson,Male,79.0,80.0,90.5
David Martinez,Female,84.1,65.7,88.7
Charlie Williams,Female,75.8,74.0,93.4
Charlie Davis,Female,48.1,69.8,88.5
Bob Williams,Female,57.1,61.0,88.4
David Miller,Male,72.3,73.2,93.7
Ivan Miller,Male,46.7,58.2,91.7
Frank Martinez,Female,75.7,81.9,91.6
Charlie Jones,Male,61.4,65.4,92.3
Hannah Brown,Male,59.4,72.0,82.3
Julia Jones,Male,75.7,72.8,93.8
Grace Johnson,Female,71.7,67.4,93.1
Ivan Davis,Female,59.6,75.9,84.9
Julia Smith,Male,82.4,65.3,88.8
Grace Williams,Female,48.8,78.7,89.8
Ivan Williams,Female,74.2,56.5,89.3
Hannah Miller,Female,73.9,71.3,91.7
Grace Martinez,Female,60.4,89.4,97.2
Julia Johnson,Female,69.9,60.0,95.4
Alice Garcia,Male,46.2,63.2,83.4
Alice Miller,Female,78.9,75.1,93.1
Charlie Davis,Male,62.2,71.8,96.6
Julia Martinez,Male,57.2,73.5,91.9
Hannah Johnson,Female,80.7,74.9,95.5
Frank Davis,Male,54.4,76.3,100.0
Frank Wilson,Male,43.9,81.1,95.1
Charlie Wilson,Male,41.7,74.1,91.2
Eva Martinez,Female,74.1,67.6,95.2
Bob Martinez,Female,45.8,76.7,90.7
Julia Jones,Male,91.3,89.0,90.1
Ivan Garcia,Female,33.8,68.7,88.2
David Johnson,Female,90.4,60.3,97.8
Hannah Smith,Female,68.2,81.1,85.9
Alice Johnson,Female,63.5,68.8,97.7
Charlie Smith,Male,56.8,48.3,92.5
David Smith,Male,71.0,78.5,83.0
Julia Wilson,Female,64.4,64.6,91.8
Alice Wilson,Female,81.5,69.1,79.5
Hannah Martinez,Male,66.7,73.3,93.1
Bob Williams,Male,67.3,71.9,94.4
Alice Brown,Female,59.5,77.1,87.0
Bob Garcia,Male,64.1,65.6,90.6
Eva Miller,Female,69.6,75.1,99.8
Grace Brown,Female,39.3,67.4,87.5
Charlie Garcia,Male,44.8,77.4,84.7
Hannah Smith,Male,76.1,76.2,97.4
Bob Martinez,Female,67.6,60.6,99.8
Bob Martinez,Female,62.2,80.9,90.0
Eva Garcia,Male,65.3,64.6,95.1
David Brown,Female,70.2,78.1,96.7
Ivan Williams,Male,56.9,73.7,86.3
Charlie Jones,Female,53.3,88.4,87.6
Bob Williams,Male,67.9,67.8,96.2
Bob Wilson,Male,50.3,66.5,98.4
Bob Smith,Male,71.1,69.8,92.8
Hannah Davis,Female,39.5,67.0,85.6
Eva Johnson,Female,80.4,78.0,99.9
Eva Williams,Male,72.1,53.8,87.3
Frank Miller,Female,68.8,59.5,88.3
Frank Davis,Male,79.7,59.3,91.7
Grace Miller,Male,90.0,79.5,97.8
Ivan Martinez,Female,80.2,87.1,94.3
Eva Martinez,Female,37.4,69.0,92.1
Alice Wilson,Male,45.8,68.3,92.3
Frank Brown,Female,55.6,70.7,90.2
Bob Smith,Female,65.4,81.6,92.8
David Davis,Male,72.8,60.7,77.4
Frank Davis,Male,54.1,72.4,88.5
Bob Wilson,Female,67.8,79.8,91.2
Bob Miller,Male,53.7,75.0,84.2
Bob Jones,Male,55.8,71.9,91.9
Charlie Smith,Female,43.9,80.0,89.0
Ivan Davis,Male,51.2,43.0,98.8
Frank Davis,Male,44.7,76.8,97.9
Grace Martinez,Female,50.4,63.5,87.7
Bob Wilson,Female,80.8,51.7,89.2
Grace Williams,Male,50.8,75.1,89.6
Ivan Miller,Male,100.0,83.7,87.7
Frank Smith,Female,72.4,68.6,91.0
Grace Williams,Female,67.8,79.5,86.2
Grace Davis,Female,52.1,86.1,84.3
Hannah Williams,Female,75.5,83.1,93.1
Julia Smith,Male,56.4,86.4,93.1
Ivan Miller,Female,66.8,77.4,86.0
Julia Brown,Female,100.0,70.8,94.5
Julia Davis,Male,63.6,54.0,86.8
Grace Garcia,Female,82.2,67.5,91.3
Ivan Wilson,Male,54.5,61.6,94.1
Charlie Davis,Female,64.5,91.7,89.8
Hannah Davis,Female,91.6,68.2,92.3
Frank Martinez,Female,55.6,71.2,87.4
Charlie Johnson,Male,92.2,75.5,89.0
Charlie Brown,Male,75.6,70.4,89.0
Alice Brown,Female,56.6,87.0,86.3
Grace Brown,Male,74.5,63.8,89.1
David Jones,Male,79.6,71.9,82.3
Bob Miller,Male,74.3,62.6,87.5
Ivan Wilson,Male,41.4,56.8,88.6
Eva Johnson,Male,54.1,63.9,88.7
David Davis,Male,61.3,69.6,88.8
Grace Jones,Female,63.9,65.7,89.7
Grace Garcia,Female,74.3,63.1,92.4
Hannah Martinez,Male,67.7,55.9,94.4
Frank Smith,Female,45.0,69.2,86.8
Eva Brown,Female,70.7,55.0,84.0
Hannah Davis,Female,74.2,77.6,84.8
Ivan Davis,Female,73.4,70.8,87.6
Grace Wilson,Male,81.2,55.4,88.2
Charlie Johnson,Female,77.5,66.9,86.2
Julia Johnson,Female,71.9,62.5,83.5
Julia Miller,Male,63.9,73.2,87.7
Grace Wilson,Male,40.1,83.4,90.9
Hannah Garcia,Female,71.4,51.2,93.0
Charlie Smith,Female,68.1,71.2,87.2
Bob Miller,Female,69.1,68.4,87.9
Alice Johnson,Female,45.8,76.7,85.4
Charlie Brown,Female,48.8,72.1,89.8
Hannah Williams,Female,80.8,62.5,85.8
Frank Smith,Male,64.4,66.8,92.9
Julia Davis,Female,75.2,62.0,81.1
Charlie Williams,Female,65.4,80.8,88.2
Frank Wilson,Male,65.4,70.2,91.5
Bob Jones,Male,79.1,89.0,90.9
Ivan Brown,Male,57.3,69.4,100.0
Grace Miller,Male,66.4,62.9,91.7
Alice Jones,Female,58.1,54.9,85.0
Julia Wilson,Female,58.5,52.0,89.5
Ivan Williams,Female,60.4,54.2,81.1
Hannah Wilson,Female,68.3,72.7,89.6
Frank Jones,Female,57.8,75.1,85.8
Frank Davis,Female,83.8,54.2,94.6
Julia Jones,Male,51.6,79.0,87.3
Frank Miller,Female,62.2,65.2,89.4
Ivan Johnson,Male,58.4,71.5,86.8
Charlie Smith,Male,86.7,86.1,98.7
Frank Davis,Female,67.9,79.0,88.4
Frank Davis,Male,80.5,67.3,99.2
Bob Miller,Female,42.7,61.1,94.1
Bob Wilson,Male,69.0,48.5,92.4
Hannah Miller,Female,78.3,62.8,91.8
Hannah Smith,Male,66.2,67.9,92.0
Hannah Garcia,Female,81.0,60.1,80.4
Bob Smith,Female,57.2,68.7,88.6
Hannah Johnson,Female,86.1,70.8,94.2
David Martinez,Female,99.5,67.8,89.8
Charlie Williams,Female,59.6,63.5,83.0
Julia Smith,Male,58.3,71.7,89.7
Ivan Garcia,Male,86.8,74.4,98.5
Eva Johnson,Male,88.7,59.1,96.2
Grace Davis,Female,57.2,84.1,89.7
Alice Brown,Male,58.7,69.0,94.8
Eva Miller,Female,60.8,70.2,88.2
Alice Johnson,Female,44.8,77.1,81.5
David Brown,Male,51.2,72.3,85.4
Bob Jones,Male,49.9,79.5,97.8
David Johnson,Female,53.5,72.9,88.6
Charlie Smith,Male,64.5,63.9,88.8
David Martinez,Female,68.5,73.6,88.5
Frank Johnson,Female,88.3,58.6,99.5
Julia Brown,Female,50.0,71.1,98.1
Eva Smith,Female,79.8,69.7,100.0
Ivan Johnson,Female,61.8,67.9,89.2
Eva Martinez,Male,64.3,68.7,91.5
Charlie Williams,Male,75.1,51.2,82.4
Ivan Miller,Female,48.2,64.5,97.4
Frank Williams,Female,70.7,70.9,84.2
Julia Johnson,Male,67.5,71.6,91.1
Frank Miller,Male,72.4,59.7,84.5
Bob Davis,Female,69.3,82.7,87.1
Ivan Wilson,Male,100.0,61.3,85.8
David Wilson,Female,55.4,79.7,87.0
Grace Brown,Male,57.0,74.3,87.3
Charlie Jones,Female,55.7,63.5,87.3
Charlie Jones,Male,56.7,87.8,94.2
Julia Johnson,Female,55.4,58.1,84.5
Frank Smith,Male,82.8,79.2,91.1
Hannah Martinez,Male,86.3,80.0,96.1
Bob Davis,Female,56.4,63.3,87.4
Ivan Williams,Male,52.5,83.9,86.4
Hannah Jones,Female,72.1,67.5,88.8
Frank Jones,Male,56.7,72.9,95.9
Julia Johnson,Female,74.5,72.6,91.0
Ivan Williams,Male,68.0,68.7,87.3
Charlie Williams,Female,42.3,78.1,92.4
Eva Johnson,Male,88.2,77.9,84.5
Charlie Jones,Female,91.9,52.5,93.4
Grace Jones,Male,55.8,83.0,92.0
Ivan Wilson,Female,59.2,53.4,88.5
Charlie Wilson,Female,69.3,80.3,85.8
Grace Johnson,Female,70.0,81.3,85.6
Frank Wilson,Male,74.9,59.1,92.7
Eva Brown,Female,95.2,65.9,96.1
Ivan Garcia,Male,62.3,58.9,86.8
David Brown,Female,53.0,67.9,92.3
Bob Smith,Male,44.3,66.9,79.6
David Garcia,Female,54.0,77.8,87.1
Frank Wilson,Male,64.5,83.1,89.8
Grace Martinez,Male,91.9,84.0,85.5
David Smith,Female,57.2,64.4,85.3
Hannah Wilson,Male,68.4,67.9,86.7
Charlie Miller,Male,64.8,53.2,91.5
Grace Martinez,Female,82.8,61.9,89.1
Eva Martinez,Male,100.0,79.6,78.8
Frank Martinez,Male,57.0,86.2,79.4
Eva Brown,Male,57.7,57.7,87.0
Charlie Jones,Female,80.7,64.1,92.3
Julia Smith,Male,75.2,69.7,76.3
Bob Johnson,Female,92.7,72.8,87.5
Bob Jones,Male,73.8,61.9,87.4
Alice Miller,Male,59.6,74.2,96.9
David Wilson,Male,73.9,65.3,88.1
David Miller,Female,81.6,69.9,91.9
Alice Martinez,Male,77.3,75.5,90.7
Grace Brown,Male,72.6,70.1,79.3
Charlie Johnson,Female,81.0,65.6,93.8
Frank Miller,Male,82.5,68.9,91.1
Bob Davis,Female,85.7,69.1,92.5
Bob Davis,Female,74.7,66.3,100.0
Hannah Johnson,Male,62.5,67.4,79.6
Ivan Garcia,Female,67.2,86.0,98.6
Eva Brown,Male,83.1,75.6,88.6
Hannah Johnson,Female,52.7,67.0,91.4
Grace Wilson,Female,70.5,77.0,89.8
Grace Davis,Male,59.1,66.7,87.9
Hannah Williams,Female,65.4,81.7,87.2
Julia Jones,Female,84.2,73.7,91.6
David Johnson,Female,67.9,68.9,82.4
Eva Martinez,Female,65.7,74.5,93.8
David Williams,Female,44.6,54.3,87.9
Charlie Garcia,Male,76.2,58.7,84.3
Eva Garcia,Female,74.7,58.1,87.7
Charlie Davis,Male,97.4,71.4,96.3
Alice Wilson,Female,60.4,87.3,87.3
Frank Garcia,Male,68.3,92.3,91.8
Grace Wilson,Male,68.7,76.4,86.3
Hannah Miller,Female,88.7,75.0,93.8
Ivan Martinez,Female,63.6,52.0,93.4
Julia Jones,Female,69.2,64.6,99.2
Hannah Williams,Male,74.1,62.1,89.1
Julia Wilson,Female,67.8,63.8,93.3
Julia Smith,Male,58.3,68.3,90.5
Eva Garcia,Male,67.9,65.3,96.5
Eva Davis,Male,81.1,50.2,86.4
Frank Davis,Female,49.6,77.5,93.7
Grace Jones,Female,67.0,59.3,89.0
Grace Davis,Male,54.5,72.4,89.7
Hannah Davis,Male,82.9,90.7,90.5
Hannah Jones,Female,42.2,60.8,91.3
Frank Williams,Male,56.6,44.7,89.4
Bob Davis,Female,70.7,67.1,91.1
Ivan Jones,Male,88.5,81.0,97.9
Julia Garcia,Female,64.0,89.6,94.9
Grace Garcia,Male,56.7,57.7,94.3
Alice Martinez,Female,93.2,75.0,87.7
David Johnson,Male,43.3,65.3,85.6
Alice Jones,Female,32.0,68.9,94.8
Eva Wilson,Female,71.6,96.4,94.4
David Wilson,Male,57.5,55.0,97.4
Frank Williams,Male,49.7,72.5,87.0
Eva Wilson,Female,75.6,74.7,88.9
Eva Garcia,Male,68.7,80.9,81.8
Charlie Jones,Female,56.5,71.0,88.0
Julia Davis,Male,45.8,73.1,95.0
Ivan Smith,Female,78.1,66.1,87.7
David Martinez,Female,74.8,72.7,93.2
Hannah Martinez,Female,63.5,66.6,89.0
Grace Brown,Female,92.7,76.2,91.6
Bob Jones,Female,48.9,66.3,84.3
David Davis,Female,42.1,73.8,90.4
Bob Martinez,Male,54.6,69.7,75.0
Charlie Garcia,Male,64.3,81.3,89.1
Eva Garcia,Male,68.7,69.5,81.8
Charlie Smith,Female,61.4,52.3,96.0
David Martinez,Female,70.3,82.6,93.9
Julia Jones,Female,46.2,60.9,92.3
Bob Miller,Female,86.7,63.5,97.6
Charlie Wilson,Male,63.8,64.0,85.3
Hannah Davis,Male,81.8,83.7,98.7
Bob Williams,Female,70.1,48.6,94.7
Alice Davis,Male,71.9,100.0,88.8
Frank Williams,Male,73.5,80.6,95.7
Charlie Smith,Female,71.7,72.2,84.5
Alice Martinez,Male,74.6,69.5,85.9
Frank Wilson,Female,84.9,72.9,87.0
Grace Johnson,Male,67.9,75.2,87.4
Ivan Williams,Female,75.6,76.5,84.7
Alice Martinez,Female,63.7,75.6,96.1
Grace Smith,Female,86.6,70.9,88.7
Ivan Williams,Female,54.9,68.0,91.8
Julia Williams,Male,92.0,68.5,87.1
Alice Garcia,Female,64.4,68.1,80.9
Charlie Jones,Female,43.5,81.3,91.4
Eva Jones,Female,66.9,75.9,80.4
Alice Brown,Male,54.8,40.6,89.7
Frank Williams,Female,77.6,76.6,83.2
Alice Brown,Male,55.2,71.9,99.9
Julia Miller,Female,58.3,69.8,94.6
Julia Miller,Male,36.7,66.1,90.5
Grace Garcia,Male,58.2,81.2,96.3
Alice Jones,Female,28.6,79.5,85.8
Julia Miller,Male,41.2,62.3,92.7
Eva Davis,Female,76.4,74.1,91.0
Alice Johnson,Female,76.8,60.3,91.3
David Brown,Female,71.4,56.2,96.4
Charlie Brown,Male,50.5,63.7,93.7
Frank Williams,Male,64.3,78.6,91.4
Ivan Brown,Female,64.9,79.5,81.7
Ivan Wilson,Female,47.6,75.1,85.2
Charlie Martinez,Male,87.6,77.3,89.4
Bob Johnson,Female,78.2,75.2,90.5
David Jones,Female,61.7,63.6,84.3
Charlie Garcia,Female,65.4,74.3,100.0
Eva Wilson,Male,68.1,78.0,97.6
Frank Davis,Male,34.4,77.5,93.0
Frank Martinez,Male,61.3,81.9,90.4
Frank Davis,Female,54.8,77.1,88.9
Julia Smith,Female,50.0,73.5,85.2
Charlie Miller,Female,60.8,80.7,90.4
Julia Smith,Male,92.0,69.7,91.3
Hannah Garcia,Female,74.6,61.2,83.8
Eva Martinez,Female,56.4,68.4,91.7
Eva Williams,Female,73.6,62.6,89.2
Charlie Wilson,Female,86.0,63.2,80.5
Alice Williams,Male,78.9,68.6,85.7
Grace Jones,Male,65.9,62.1,87.9
Hannah Williams,Female,55.3,66.9,99.4
Julia Wilson,Male,75.5,51.1,92.8
Frank Miller,Male,70.9,72.1,83.3
Bob Jones,Female,78.4,70.0,92.4
Grace Jones,Female,74.5,61.8,82.3
Eva Williams,Male,80.7,76.6,95.4
Alice Jones,Female,57.0,79.4,87.6
Eva Johnson,Male,84.8,53.9,89.5
Charlie Davis,Female,68.0,62.4,96.6
Frank Johnson,Male,96.1,62.3,83.6
Julia Smith,Female,54.7,60.6,83.0
Hannah Wilson,Male,91.0,78.3,87.1
Grace Garcia,Male,68.0,68.1,95.2
Eva Smith,Male,55.2,67.4,82.4
Grace Miller,Female,57.7,50.0,75.8
Alice Garcia,Male,60.2,76.4,87.7
Alice Williams,Male,71.4,57.6,92.8
Bob Jones,Female,72.8,70.6,96.0
David Williams,Female,56.4,72.8,87.7
Frank Martinez,Male,64.6,83.6,87.9
David Brown,Male,97.1,56.9,95.8
Julia Garcia,Female,90.9,39.8,80.7
Grace Wilson,Female,71.5,71.8,88.1
Bob Jones,Female,65.6,88.0,91.0
Ivan Brown,Female,66.8,82.4,92.2
Hannah Smith,Female,74.2,72.1,87.5
Julia Williams,Male,49.7,65.1,90.2
Alice Martinez,Female,61.1,78.1,77.6
Grace Martinez,Male,40.0,60.3,86.7
David Johnson,Male,71.0,74.8,92.3
Frank Brown,Male,74.7,75.1,85.1
Alice Brown,Female,57.8,80.6,90.3
Hannah Miller,Male,88.6,97.6,92.2
Bob Johnson,Male,46.6,73.9,88.3
David Johnson,Female,43.0,64.9,90.9
Frank Wilson,Male,68.4,69.7,85.2
Grace Wilson,Male,80.7,52.3,89.0
David Smith,Female,90.3,63.1,93.1
Eva Miller,Male,58.1,65.9,90.8
Charlie Jones,Male,81.2,64.8,87.1
Bob Williams,Male,64.4,71.5,91.1
Eva Johnson,Female,62.4,61.8,93.6
Hannah Miller,Female,78.3,81.2,79.8
Charlie Brown,Female,74.8,70.0,95.8
Charlie Miller,Male,41.4,69.9,88.3
Charlie Johnson,Male,87.1,66.7,92.1
Bob Davis,Female,85.7,71.6,96.0
Bob Williams,Male,55.6,78.3,83.1
Julia Miller,Male,70.9,61.3,86.5
Bob Davis,Female,72.4,63.4,88.6
Hannah Johnson,Female,68.9,67.0,86.1
David Martinez,Male,56.7,56.5,98.7
Eva Garcia,Male,54.9,61.8,85.7
Alice Johnson,Male,64.6,65.2,87.2
Julia Williams,Female,82.6,78.7,91.0
Bob Miller,Female,73.2,72.6,84.0
Eva Jones,Female,59.4,71.9,88.0
Julia Martinez,Female,76.6,78.5,91.6
Frank Williams,Male,22.3,68.6,88.3
Bob Johnson,Female,82.2,73.9,89.5
Eva Smith,Female,38.9,69.0,87.4
Charlie Martinez,Female,59.6,72.7,82.4
Hannah Smith,Female,48.2,64.2,91.6
Charlie Williams,Female,45.6,45.6,98.8
Julia Wilson,Male,82.4,68.7,90.1
Ivan Miller,Male,58.0,84.2,91.1
Bob Wilson,Female,70.2,79.3,93.5
Alice Williams,Male,64.3,79.7,83.7
Bob Wilson,Female,72.2,82.4,98.5
David Smith,Female,66.2,70.9,91.0
Grace Garcia,Male,45.8,72.0,98.2
Grace Martinez,Male,79.9,63.8,86.3
Bob Johnson,Female,57.6,66.8,99.1
Alice Jones,Female,41.7,76.2,93.9
Frank Martinez,Female,58.6,82.0,92.8
David Garcia,Male,87.5,68.6,91.2
Alice Williams,Female,77.8,65.5,88.8
Alice Smith,Female,59.8,70.0,96.0
Ivan Wilson,Female,59.8,76.0,90.7
Frank Jones,Male,60.2,55.6,80.2
Ivan Brown,Female,96.2,47.0,84.4
Bob Jones,Female,70.7,64.5,89.1
Bob Davis,Male,71.5,57.8,91.5
Bob Johnson,Female,80.5,64.9,89.7
Eva Smith,Female,68.6,68.5,96.1
Eva Wilson,Male,61.1,65.5,80.2
David Williams,Female,62.1,84.5,90.7
Charlie Williams,Male,63.9,73.3,80.9
Bob Miller,Male,64.4,73.0,93.8
Eva Wilson,Female,75.9,76.2,89.5
Grace Wilson,Female,65.8,58.6,92.1
Hannah Wilson,Female,76.0,80.4,85.7
Alice Wilson,Female,63.8,69.2,96.4
Grace Davis,Male,66.2,76.7,95.2
Ivan Miller,Female,35.0,59.3,92.9
Alice Brown,Male,78.7,54.5,89.4
Bob Jones,Female,70.2,78.2,92.9
Alice Martinez,Female,80.0,73.8,86.5
Bob Brown,Female,21.6,61.0,94.3
Grace Jones,Male,96.3,61.3,98.2
Grace Smith,Female,62.9,81.3,95.4
Julia Brown,Female,81.6,58.1,86.4
Bob Smith,Female,49.4,86.4,91.8
Charlie Smith,Female,74.2,61.0,83.5
Grace Davis,Male,49.2,76.4,92.9
David Garcia,Female,55.6,66.7,92.3
Frank Davis,Male,93.7,76.0,80.7
Ivan Martinez,Male,62.1,64.6,84.2
Bob Miller,Male,68.3,68.4,88.6
Eva Smith,Male,78.1,70.4,88.5
Eva Wilson,Male,72.4,60.0,84.0
Julia Brown,Male,67.3,77.4,91.9
Eva Smith,Female,70.5,64.9,91.3
Hannah Davis,Male,100.0,67.7,89.0
Frank Brown,Male,64.1,60.1,86.2
Ivan Martinez,Male,68.0,44.4,95.2
David Johnson,Female,80.8,68.1,98.3
Hannah Miller,Female,81.6,94.1,87.6
Bob Williams,Male,82.8,77.8,86.9
Charlie Davis,Female,74.6,69.8,92.5
David Garcia,Male,47.9,67.4,88.2
Hannah Martinez,Male,89.5,70.2,89.3
Charlie Martinez,Female,47.8,75.5,93.7
Charlie Johnson,Male,69.5,58.2,80.5
Julia Martinez,Female,53.7,81.1,96.6
Charlie Brown,Female,64.0,77.2,90.4
Ivan Miller,Male,69.9,77.2,87.9
Hannah Jones,Male,69.8,74.4,89.6
Hannah Garcia,Female,71.3,70.2,89.8
Hannah Smith,Male,89.2,76.7,81.3
Eva Garcia,Male,71.8,75.9,97.5
Frank Martinez,Male,61.3,66.5,90.2
Alice Smith,Female,79.5,64.3,92.2
David Williams,Female,82.8,71.0,94.8
Hannah Miller,Male,46.6,85.5,84.9
Charlie Smith,Female,74.0,57.6,92.4
Ivan Johnson,Female,75.5,55.3,88.7
Charlie Johnson,Female,60.5,71.6,94.2
David Smith,Female,85.6,70.5,79.4
Grace Davis,Female,62.7,71.7,89.5
David Garcia,Male,66.9,72.4,87.0
Grace Miller,Male,62.4,67.8,92.2
Hannah Martinez,Male,65.2,84.9,92.4
Charlie Brown,Female,48.6,54.0,86.5
Alice Davis,Female,43.4,61.7,86.4
Frank Wilson,Male,88.9,69.0,89.4
Frank Johnson,Female,52.3,53.6,85.5
Eva Brown,Male,50.1,68.2,94.2
Alice Wilson,Male,32.7,86.6,88.2
Alice Martinez,Male,55.4,70.2,75.5
Bob Smith,Female,45.2,72.3,88.1
Julia Davis,Female,89.6,57.4,84.8
Hannah Williams,Male,80.1,63.8,81.8
Eva Smith,Male,54.7,66.2,83.8
Charlie Miller,Male,98.8,66.8,90.5
Eva Miller,Male,79.7,82.8,96.6
Bob Smith,Female,60.1,75.6,91.6
Eva Smith,Female,27.5,58.9,87.0
David Jones,Male,99.4,72.5,92.3
Ivan Garcia,Male,44.2,75.0,87.7
Alice Davis,Female,40.3,81.4,86.5
Ivan Smith,Female,80.3,85.8,84.2
Bob Miller,Male,100.0,59.8,81.2
Hannah Smith,Male,85.8,61.9,88.1
Hannah Williams,Male,73.5,57.4,90.8
David Brown,Female,73.9,67.7,89.5
Julia Martinez,Female,77.8,74.7,87.9
Charlie Williams,Female,76.4,79.9,85.3
Bob Martinez,Male,69.2,69.2,93.0
Charlie Garcia,Male,66.6,66.8,83.4
Eva Wilson,Female,64.1,71.5,93.9
Frank Jones,Female,53.7,61.6,85.0
Bob Davis,Male,60.8,90.9,86.2
Grace Miller,Female,39.6,53.9,82.7
Frank Johnson,Female,63.5,71.8,87.5
Eva Williams,Male,50.2,90.2,94.9
David Wilson,Female,48.4,70.1,92.6
Eva Davis,Male,67.7,68.1,94.9
Charlie Smith,Male,85.9,66.4,92.6
Charlie Miller,Male,78.8,68.2,84.5
Julia Smith,Male,41.4,83.7,88.3
Hannah Garcia,Male,50.2,47.9,86.1
Hannah Miller,Male,79.1,85.3,96.7
Eva Smith,Male,50.3,55.8,84.0
Ivan Wilson,Female,61.6,67.3,94.5
Alice Martinez,Male,73.3,65.7,94.5
Charlie Wilson,Male,50.5,75.9,99.1
Hannah Wilson,Female,66.6,54.0,88.0
Grace Davis,Female,45.0,74.6,93.6
Eva Miller,Female,56.0,90.2,100.0
Grace Garcia,Male,69.8,56.4,86.9
Eva Brown,Female,41.1,71.9,82.3
Bob Jones,Male,71.6,63.4,80.6
David Smith,Male,64.7,74.3,93.6
Grace Wilson,Male,73.3,70.2,80.6
Charlie Garcia,Male,68.4,63.6,88.1
David Johnson,Female,85.5,74.9,92.2
Alice Garcia,Female,66.9,88.0,90.9
Alice Miller,Male,58.6,68.1,92.1
Alice Miller,Male,66.8,77.2,91.1
Ivan Brown,Male,73.1,57.1,96.4
David Smith,Female,65.7,60.4,85.2
Eva Jones,Male,65.6,74.7,86.6
Frank Smith,Male,54.5,84.8,86.1
Frank Brown,Female,55.1,73.6,94.2
Hannah Jones,Female,44.0,66.9,94.5
Eva Davis,Male,91.2,70.0,92.3
Hannah Wilson,Female,46.3,57.5,95.9
Grace Johnson,Female,54.6,76.0,84.1
Frank Smith,Male,54.2,78.8,98.3
Charlie Davis,Female,78.4,65.5,97.6
Charlie Brown,Male,60.6,65.3,93.7
David Miller,Female,83.7,72.7,98.9
Grace Williams,Male,54.9,65.6,81.7
Charlie Williams,Male,69.2,69.3,87.4
Alice Martinez,Male,52.5,91.0,86.3
Ivan Davis,Female,97.2,67.5,93.6
Alice Smith,Male,47.2,66.4,84.7
Bob Miller,Female,69.6,63.5,93.8
David Garcia,Male,74.5,77.4,96.9
Alice Martinez,Male,71.2,68.2,93.5
Charlie Martinez,Female,62.2,63.5,91.4
Frank Williams,Male,63.1,83.2,85.1
Eva Davis,Male,65.7,84.2,85.8
Frank Martinez,Female,62.8,64.0,96.2
Hannah Martinez,Male,79.5,51.3,93.9
Frank Miller,Male,98.2,80.1,89.8
Ivan Garcia,Male,56.6,63.2,87.9
Frank Wilson,Male,44.5,77.9,79.9
Eva Martinez,Female,63.7,50.3,84.6
Bob Johnson,Female,100.0,78.9,99.6
Julia Garcia,Male,52.9,57.9,83.6
Ivan Johnson,Female,89.6,77.3,90.9
Eva Wilson,Male,90.2,70.1,95.0
Hannah Smith,Female,56.7,60.5,83.7
Bob Williams,Male,73.5,65.9,90.9
Grace Johnson,Male,89.4,76.9,94.7
Hannah Wilson,Male,59.3,71.1,90.1
Hannah Miller,Male,61.9,75.8,100.0
Bob Garcia,Male,56.3,89.8,81.7
Frank Williams,Male,49.8,54.4,95.3
David Jones,Female,55.3,86.2,89.1
Frank Martinez,Male,46.6,71.0,93.9
Frank Garcia,Female,65.5,61.0,92.2
Bob Garcia,Male,53.5,56.7,86.3
Eva Martinez,Female,68.5,68.1,91.1
David Davis,Female,41.7,79.2,80.7
Alice Jones,Female,70.0,68.7,93.0
Ivan Johnson,Male,77.5,85.1,91.5
Julia Jones,Male,35.1,55.5,93.2
Frank Davis,Female,70.6,69.9,95.3
Bob Garcia,Male,83.4,57.5,91.8
David Garcia,Female,46.9,73.6,90.7
Frank Smith,Male,90.1,78.9,85.6
Bob Garcia,Female,71.3,65.8,86.4
Hannah Williams,Female,54.4,44.0,95.9
Alice Martinez,Male,64.2,72.0,97.2
Bob Miller,Female,73.4,74.4,88.8
Charlie Williams,Male,66.1,74.0,90.2
Alice Brown,Female,73.1,82.4,85.5
Bob Smith,Female,51.2,59.3,95.9
Julia Jones,Male,67.5,76.8,93.3
Grace Brown,Male,43.8,81.9,99.7
Hannah Martinez,Male,63.3,52.2,85.6
Julia Brown,Female,51.4,73.2,88.1
Julia Davis,Male,54.0,65.0,91.2
David Williams,Female,83.5,69.2,93.2
Bob Martinez,Female,81.4,73.5,88.9
David Wilson,Male,74.1,65.1,85.6
Ivan Garcia,Male,48.6,63.2,94.4
Alice Davis,Female,60.3,70.3,93.6
Frank Garcia,Female,83.2,59.1,85.4
Grace Miller,Male,67.1,59.1,96.8
David Garcia,Male,99.8,76.8,95.9
Julia Miller,Male,70.9,58.5,90.7
Julia Davis,Male,67.9,76.7,90.4
Charlie Martinez,Male,60.4,74.6,92.8
Bob Garcia,Female,67.0,52.7,85.7
Alice Miller,Female,62.7,63.2,90.2
Eva Miller,Female,75.6,81.9,79.2
Hannah Wilson,Female,79.4,60.2,94.4
David Johnson,Male,53.2,65.4,82.2
Frank Williams,Male,45.0,74.6,97.5
Grace Garcia,Male,37.5,77.8,88.3
Bob Johnson,Female,72.6,67.5,88.9
Grace Brown,Female,48.4,64.0,86.9
Julia Miller,Male,32.7,84.2,88.6
Julia Brown,Male,70.8,87.4,97.1
Grace Miller,Female,100.0,79.8,77.6
David Johnson,Female,64.9,70.9,96.4
Charlie Davis,Male,77.6,61.9,91.7
Julia Martinez,Male,66.2,61.7,84.0
Julia Brown,Female,63.5,75.2,84.6
Julia Williams,Male,78.8,74.2,98.4
Julia Smith,Male,60.6,84.0,85.3
Grace Williams,Male,69.0,76.5,84.2
Grace Garcia,Female,69.8,55.0,95.7
Bob Garcia,Female,55.0,80.5,91.7
Frank Williams,Female,79.9,60.0,85.3
Hannah Garcia,Female,62.4,66.2,91.1
Julia Smith,Female,53.7,72.5,84.9
Charlie Jones,Female,73.0,90.0,95.5
Charlie Miller,Female,51.5,100.0,95.3
Grace Miller,Male,65.4,76.1,92.7
Bob Brown,Male,64.9,68.2,91.8
Grace Williams,Male,81.3,75.3,98.8
Charlie Brown,Male,72.1,78.9,90.0
Frank Wilson,Male,64.6,66.8,84.1
Eva Garcia,Male,77.3,88.0,92.2
Bob Garcia,Male,85.9,72.3,100.0
Charlie Miller,Female,73.4,75.0,84.9
Ivan Brown,Female,65.2,76.7,88.2
Grace Johnson,Male,45.3,74.2,92.1
David Miller,Male,49.0,78.4,89.7
Charlie Martinez,Female,60.4,63.8,85.1
Frank Wilson,Male,55.9,64.4,95.6
Eva Smith,Male,62.2,59.0,100.0
David Martinez,Female,65.8,74.4,91.0
Frank Wilson,Male,72.9,77.8,85.5
Eva Brown,Female,63.9,74.6,82.3
David Smith,Male,72.3,86.7,91.3
Alice Garcia,Female,66.0,69.9,95.5
Alice Williams,Female,35.4,76.7,92.4
Grace Johnson,Female,50.9,59.1,90.0
Frank Wilson,Male,62.8,66.1,87.1
Bob Miller,Female,46.9,77.0,84.5
Frank Garcia,Male,74.0,78.5,94.2
Ivan Miller,Male,88.0,67.1,94.6
Bob Smith,Male,83.3,69.3,82.3
Frank Wilson,Male,61.8,54.8,97.9
Alice Brown,Female,87.4,66.4,92.9
Julia Martinez,Female,67.2,78.9,97.0
Frank Garcia,Male,59.9,75.8,83.3
Ivan Garcia,Male,55.8,75.0,83.2
Grace Johnson,Female,60.5,70.5,89.3
Eva Johnson,Male,59.2,70.1,92.5
Eva Johnson,Female,67.6,63.4,99.0
Alice Garcia,Male,67.4,77.0,93.5
Julia Davis,Male,65.0,74.2,88.8
Grace Garcia,Female,71.6,74.9,84.9
Julia Miller,Male,82.9,64.7,96.2
Ivan Jones,Female,79.2,48.5,85.2
Hannah Jones,Male,42.7,81.0,98.1
Eva Wilson,Male,26.7,65.2,88.6
Alice Jones,Male,79.0,61.4,98.0
Charlie Miller,Female,44.5,76.9,93.4
Frank Garcia,Male,61.6,66.1,89.3
Ivan Miller,Male,47.4,80.6,87.4
Bob Davis,Male,38.0,76.2,88.3
Alice Brown,Male,73.1,76.8,92.1
David Miller,Female,76.4,56.3,90.4
Frank Brown,Female,56.4,82.1,87.0
Charlie Miller,Male,26.1,72.6,89.2
David Johnson,Female,56.8,66.3,90.4
Bob Johnson,Male,70.9,71.4,79.4
David Brown,Male,42.8,52.2,92.3
Hannah Smith,Male,67.8,74.1,85.1
Hannah Martinez,Female,64.8,59.7,84.2
Eva Garcia,Female,73.7,56.5,81.6
Alice Martinez,Female,66.8,54.8,81.0
Charlie Davis,Female,50.4,81.1,83.2
Eva Garcia,Female,82.9,63.7,86.5
Eva Jones,Female,62.6,85.3,99.8
Frank Miller,Female,64.6,64.6,87.4
David Wilson,Female,51.0,52.9,90.9
Charlie Davis,Female,58.4,58.8,92.0
Alice Miller,Male,51.7,82.4,90.7
Alice Davis,Female,62.4,68.4,89.6
Bob Williams,Female,90.7,64.5,84.0
Alice Jones,Female,44.4,71.6,97.3
Alice Brown,Female,40.8,75.0,99.0
Alice Jones,Female,87.1,81.2,81.6
Eva Johnson,Female,61.9,84.5,84.9
Frank Davis,Female,55.0,66.4,88.6
Frank Wilson,Female,80.6,56.7,85.2
Frank Martinez,Female,55.9,65.9,92.5
Ivan Brown,Female,92.4,72.6,86.4
Charlie Davis,Female,75.2,60.4,100.0
Ivan Williams,Male,57.7,60.4,96.0
Alice Wilson,Male,97.4,73.4,91.1
Alice Davis,Female,55.9,69.5,95.1
Ivan Miller,Female,76.1,70.3,95.5
Frank Garcia,Male,69.5,62.4,87.2
